{
  "val_val/loss": 0.9354063868522644,
  "val_val/CER": 17.678333282470703,
  "val_val/IER": 4.452813625335693,
  "val_val/DER": 1.794417381286621,
  "val_val/SER": 11.431103706359863,
  "test_test/loss": 1.0197808742523193,
  "test_test/CER": 20.03458023071289,
  "test_test/IER": 4.257618427276611,
  "test_test/DER": 1.6425329446792603,
  "test_test/SER": 14.134428024291992
}