{
  "1": {
    "val_val/loss": 3.1564714908599854,
    "val_val/CER": 57.28843688964844,
    "val_val/IER": 20.890562057495117,
    "val_val/DER": 2.4147098064422607,
    "val_val/SER": 33.98316192626953,
    "test_test/loss": 3.494536876678467,
    "test_test/CER": 63.54009246826172,
    "test_test/IER": 28.20401954650879,
    "test_test/DER": 1.42641019821167,
    "test_test/SER": 33.90966033935547
  },
  "2": {
    "val_val/loss": 2.327223062515259,
    "val_val/CER": 44.727516174316406,
    "val_val/IER": 21.3779354095459,
    "val_val/DER": 1.1076650619506836,
    "val_val/SER": 22.241914749145508,
    "test_test/loss": 2.672183036804199,
    "test_test/CER": 50.35660171508789,
    "test_test/IER": 25.027015686035156,
    "test_test/DER": 0.7996541857719421,
    "test_test/SER": 24.52993392944336
  },
  "4": {
    "val_val/loss": 1.269025206565857,
    "val_val/CER": 24.545856475830078,
    "val_val/IER": 7.775808811187744,
    "val_val/DER": 1.6614975929260254,
    "val_val/SER": 15.108551025390625,
    "test_test/loss": 1.4431780576705933,
    "test_test/CER": 29.695266723632812,
    "test_test/IER": 10.373892784118652,
    "test_test/DER": 1.31834876537323,
    "test_test/SER": 18.00302505493164
  },
  "8": {
    "val_val/loss": 1.058425784111023,
    "val_val/CER": 21.089942932128906,
    "val_val/IER": 6.1586174964904785,
    "val_val/DER": 1.7279574871063232,
    "val_val/SER": 13.203367233276367,
    "test_test/loss": 1.232012391090393,
    "test_test/CER": 25.675384521484375,
    "test_test/IER": 7.585908889770508,
    "test_test/DER": 1.5344716310501099,
    "test_test/SER": 16.555004119873047
  },
  "16": {
    "val_val/loss": 0.9407831430435181,
    "val_val/CER": 18.520158767700195,
    "val_val/IER": 6.402304172515869,
    "val_val/DER": 1.5728843212127686,
    "val_val/SER": 10.544971466064453,
    "test_test/loss": 1.120545744895935,
    "test_test/CER": 23.816728591918945,
    "test_test/IER": 8.904257774353027,
    "test_test/DER": 1.0590015649795532,
    "test_test/SER": 13.853468894958496
  }
}